match_id,season,start_date,venue,innings,ball,batting_team,bowling_team,striker,non_striker,bowler,runs_off_bat,extras,wides,noballs,byes,legbyes,penalty,wicket_type,player_dismissed,other_wicket_type,other_player_dismissed
1477995,2025,2025-09-07,"Kensington Oval, Bridgetown, Barbados",1,0.1,Barbados Royals,St Lucia Kings,Q de Kock,BA King,K Pierre,1,0,,,,,,,,,
1477995,2025,2025-09-07,"Kensington Oval, Bridgetown, Barbados",1,0.2,Barbados Royals,St Lucia Kings,BA King,Q de Kock,K Pierre,0,0,,,,,,,,,
1477995,2025,2025-09-07,"Kensington Oval, Bridgetown, Barbados",1,0.3,Barbados Royals,St Lucia Kings,BA King,Q de Kock,K Pierre,0,0,,,,,,,,,
1477995,2025,2025-09-07,"Kensington Oval, Bridgetown, Barbados",1,0.4,Barbados Royals,St Lucia Kings,BA King,Q de Kock,K Pierre,4,0,,,,,,,,,
1477995,2025,2025-09-07,"Kensington Oval, Bridgetown, Barbados",1,0.5,Barbados Royals,St Lucia Kings,BA King,Q de Kock,K Pierre,0,0,,,,,,,,,
1477995,2025,2025-09-07,"Kensington Oval, Bridgetown, Barbados",1,0.6,Barbados Royals,St Lucia Kings,BA King,Q de Kock,K Pierre,1,0,,,,,,,,,
1477995,2025,2025-09-07,"Kensington Oval, Bridgetown, Barbados",1,1.1,Barbados Royals,St Lucia Kings,BA King,Q de Kock,AS Joseph,1,0,,,,,,,,,
1477995,2025,2025-09-07,"Kensington Oval, Bridgetown, Barbados",1,1.2,Barbados Royals,St Lucia Kings,Q de Kock,BA King,AS Joseph,0,0,,,,,,,,,
1477995,2025,2025-09-07,"Kensington Oval, Bridgetown, Barbados",1,1.3,Barbados Royals,St Lucia Kings,Q de Kock,BA King,AS Joseph,0,1,,,,1,,,,,
1477995,2025,2025-09-07,"Kensington Oval, Bridgetown, Barbados",1,1.4,Barbados Royals,St Lucia Kings,BA King,Q de Kock,AS Joseph,4,0,,,,,,,,,
1477995,2025,2025-09-07,"Kensington Oval, Bridgetown, Barbados",1,1.5,Barbados Royals,St Lucia Kings,BA King,Q de Kock,AS Joseph,0,0,,,,,,,,,
1477995,2025,2025-09-07,"Kensington Oval, Bridgetown, Barbados",1,1.6,Barbados Royals,St Lucia Kings,BA King,Q de Kock,AS Joseph,1,0,,,,,,,,,
1477995,2025,2025-09-07,"Kensington Oval, Bridgetown, Barbados",1,2.1,Barbados Royals,St Lucia Kings,BA King,Q de Kock,K Pierre,0,0,,,,,,,,,
1477995,2025,2025-09-07,"Kensington Oval, Bridgetown, Barbados",1,2.2,Barbados Royals,St Lucia Kings,BA King,Q de Kock,K Pierre,0,0,,,,,,,,,
1477995,2025,2025-09-07,"Kensington Oval, Bridgetown, Barbados",1,2.3,Barbados Royals,St Lucia Kings,BA King,Q de Kock,K Pierre,1,0,,,,,,,,,
1477995,2025,2025-09-07,"Kensington Oval, Bridgetown, Barbados",1,2.4,Barbados Royals,St Lucia Kings,Q de Kock,BA King,K Pierre,0,1,,1,,,,,,,
1477995,2025,2025-09-07,"Kensington Oval, Bridgetown, Barbados",1,2.5,Barbados Royals,St Lucia Kings,Q de Kock,BA King,K Pierre,0,0,,,,,,,,,
1477995,2025,2025-09-07,"Kensington Oval, Bridgetown, Barbados",1,2.6,Barbados Royals,St Lucia Kings,Q de Kock,BA King,K Pierre,0,0,,,,,,caught,Q de Kock,,
1477995,2025,2025-09-07,"Kensington Oval, Bridgetown, Barbados",1,2.7,Barbados Royals,St Lucia Kings,K Alleyne,BA King,K Pierre,0,0,,,,,,,,,
1477995,2025,2025-09-07,"Kensington Oval, Bridgetown, Barbados",1,3.1,Barbados Royals,St Lucia Kings,BA King,K Alleyne,AS Joseph,2,0,,,,,,,,,
1477995,2025,2025-09-07,"Kensington Oval, Bridgetown, Barbados",1,3.2,Barbados Royals,St Lucia Kings,BA King,K Alleyne,AS Joseph,0,0,,,,,,,,,
1477995,2025,2025-09-07,"Kensington Oval, Bridgetown, Barbados",1,3.3,Barbados Royals,St Lucia Kings,BA King,K Alleyne,AS Joseph,0,0,,,,,,,,,
1477995,2025,2025-09-07,"Kensington Oval, Bridgetown, Barbados",1,3.4,Barbados Royals,St Lucia Kings,BA King,K Alleyne,AS Joseph,2,0,,,,,,,,,
1477995,2025,2025-09-07,"Kensington Oval, Bridgetown, Barbados",1,3.5,Barbados Royals,St Lucia Kings,BA King,K Alleyne,AS Joseph,6,0,,,,,,,,,
1477995,2025,2025-09-07,"Kensington Oval, Bridgetown, Barbados",1,3.6,Barbados Royals,St Lucia Kings,BA King,K Alleyne,AS Joseph,0,0,,,,,,,,,
1477995,2025,2025-09-07,"Kensington Oval, Bridgetown, Barbados",1,4.1,Barbados Royals,St Lucia Kings,K Alleyne,BA King,K Pierre,1,0,,,,,,,,,
1477995,2025,2025-09-07,"Kensington Oval, Bridgetown, Barbados",1,4.2,Barbados Royals,St Lucia Kings,BA King,K Alleyne,K Pierre,0,0,,,,,,,,,
1477995,2025,2025-09-07,"Kensington Oval, Bridgetown, Barbados",1,4.3,Barbados Royals,St Lucia Kings,BA King,K Alleyne,K Pierre,1,0,,,,,,,,,
1477995,2025,2025-09-07,"Kensington Oval, Bridgetown, Barbados",1,4.4,Barbados Royals,St Lucia Kings,K Alleyne,BA King,K Pierre,0,0,,,,,,,,,
1477995,2025,2025-09-07,"Kensington Oval, Bridgetown, Barbados",1,4.5,Barbados Royals,St Lucia Kings,K Alleyne,BA King,K Pierre,6,0,,,,,,,,,
1477995,2025,2025-09-07,"Kensington Oval, Bridgetown, Barbados",1,4.6,Barbados Royals,St Lucia Kings,K Alleyne,BA King,K Pierre,4,0,,,,,,,,,
1477995,2025,2025-09-07,"Kensington Oval, Bridgetown, Barbados",1,5.1,Barbados Royals,St Lucia Kings,BA King,K Alleyne,D Wiese,0,0,,,,,,,,,
1477995,2025,2025-09-07,"Kensington Oval, Bridgetown, Barbados",1,5.2,Barbados Royals,St Lucia Kings,BA King,K Alleyne,D Wiese,1,0,,,,,,,,,
1477995,2025,2025-09-07,"Kensington Oval, Bridgetown, Barbados",1,5.3,Barbados Royals,St Lucia Kings,K Alleyne,BA King,D Wiese,0,0,,,,,,,,,
1477995,2025,2025-09-07,"Kensington Oval, Bridgetown, Barbados",1,5.4,Barbados Royals,St Lucia Kings,K Alleyne,BA King,D Wiese,1,0,,,,,,,,,
1477995,2025,2025-09-07,"Kensington Oval, Bridgetown, Barbados",1,5.5,Barbados Royals,St Lucia Kings,BA King,K Alleyne,D Wiese,0,0,,,,,,,,,
1477995,2025,2025-09-07,"Kensington Oval, Bridgetown, Barbados",1,5.6,Barbados Royals,St Lucia Kings,BA King,K Alleyne,D Wiese,0,0,,,,,,,,,
1477995,2025,2025-09-07,"Kensington Oval, Bridgetown, Barbados",1,6.1,Barbados Royals,St Lucia Kings,K Alleyne,BA King,T Shamsi,0,0,,,,,,,,,
1477995,2025,2025-09-07,"Kensington Oval, Bridgetown, Barbados",1,6.2,Barbados Royals,St Lucia Kings,K Alleyne,BA King,T Shamsi,1,0,,,,,,,,,
1477995,2025,2025-09-07,"Kensington Oval, Bridgetown, Barbados",1,6.3,Barbados Royals,St Lucia Kings,BA King,K Alleyne,T Shamsi,0,0,,,,,,,,,
1477995,2025,2025-09-07,"Kensington Oval, Bridgetown, Barbados",1,6.4,Barbados Royals,St Lucia Kings,BA King,K Alleyne,T Shamsi,1,0,,,,,,,,,
1477995,2025,2025-09-07,"Kensington Oval, Bridgetown, Barbados",1,6.5,Barbados Royals,St Lucia Kings,K Alleyne,BA King,T Shamsi,1,0,,,,,,,,,
1477995,2025,2025-09-07,"Kensington Oval, Bridgetown, Barbados",1,6.6,Barbados Royals,St Lucia Kings,BA King,K Alleyne,T Shamsi,6,0,,,,,,,,,
1477995,2025,2025-09-07,"Kensington Oval, Bridgetown, Barbados",1,7.1,Barbados Royals,St Lucia Kings,K Alleyne,BA King,RL Chase,1,0,,,,,,,,,
1477995,2025,2025-09-07,"Kensington Oval, Bridgetown, Barbados",1,7.2,Barbados Royals,St Lucia Kings,BA King,K Alleyne,RL Chase,6,0,,,,,,,,,
1477995,2025,2025-09-07,"Kensington Oval, Bridgetown, Barbados",1,7.3,Barbados Royals,St Lucia Kings,BA King,K Alleyne,RL Chase,1,0,,,,,,,,,
1477995,2025,2025-09-07,"Kensington Oval, Bridgetown, Barbados",1,7.4,Barbados Royals,St Lucia Kings,K Alleyne,BA King,RL Chase,0,0,,,,,,,,,
1477995,2025,2025-09-07,"Kensington Oval, Bridgetown, Barbados",1,7.5,Barbados Royals,St Lucia Kings,K Alleyne,BA King,RL Chase,1,0,,,,,,,,,
1477995,2025,2025-09-07,"Kensington Oval, Bridgetown, Barbados",1,7.6,Barbados Royals,St Lucia Kings,BA King,K Alleyne,RL Chase,4,0,,,,,,,,,
1477995,2025,2025-09-07,"Kensington Oval, Bridgetown, Barbados",1,8.1,Barbados Royals,St Lucia Kings,K Alleyne,BA King,T Shamsi,6,0,,,,,,,,,
1477995,2025,2025-09-07,"Kensington Oval, Bridgetown, Barbados",1,8.2,Barbados Royals,St Lucia Kings,K Alleyne,BA King,T Shamsi,1,0,,,,,,,,,
1477995,2025,2025-09-07,"Kensington Oval, Bridgetown, Barbados",1,8.3,Barbados Royals,St Lucia Kings,BA King,K Alleyne,T Shamsi,0,0,,,,,,caught,BA King,,
1477995,2025,2025-09-07,"Kensington Oval, Bridgetown, Barbados",1,8.4,Barbados Royals,St Lucia Kings,HE van der Dussen,K Alleyne,T Shamsi,0,0,,,,,,,,,
1477995,2025,2025-09-07,"Kensington Oval, Bridgetown, Barbados",1,8.5,Barbados Royals,St Lucia Kings,HE van der Dussen,K Alleyne,T Shamsi,0,0,,,,,,,,,
1477995,2025,2025-09-07,"Kensington Oval, Bridgetown, Barbados",1,8.6,Barbados Royals,St Lucia Kings,HE van der Dussen,K Alleyne,T Shamsi,1,0,,,,,,,,,
1477995,2025,2025-09-07,"Kensington Oval, Bridgetown, Barbados",1,9.1,Barbados Royals,St Lucia Kings,HE van der Dussen,K Alleyne,D Potgieter,0,0,,,,,,,,,
1477995,2025,2025-09-07,"Kensington Oval, Bridgetown, Barbados",1,9.2,Barbados Royals,St Lucia Kings,HE van der Dussen,K Alleyne,D Potgieter,1,0,,,,,,,,,
1477995,2025,2025-09-07,"Kensington Oval, Bridgetown, Barbados",1,9.3,Barbados Royals,St Lucia Kings,K Alleyne,HE van der Dussen,D Potgieter,1,0,,,,,,,,,
1477995,2025,2025-09-07,"Kensington Oval, Bridgetown, Barbados",1,9.4,Barbados Royals,St Lucia Kings,HE van der Dussen,K Alleyne,D Potgieter,0,0,,,,,,,,,
1477995,2025,2025-09-07,"Kensington Oval, Bridgetown, Barbados",1,9.5,Barbados Royals,St Lucia Kings,HE van der Dussen,K Alleyne,D Potgieter,0,0,,,,,,,,,
1477995,2025,2025-09-07,"Kensington Oval, Bridgetown, Barbados",1,9.6,Barbados Royals,St Lucia Kings,HE van der Dussen,K Alleyne,D Potgieter,1,0,,,,,,,,,
1477995,2025,2025-09-07,"Kensington Oval, Bridgetown, Barbados",1,10.1,Barbados Royals,St Lucia Kings,HE van der Dussen,K Alleyne,K Pierre,1,0,,,,,,,,,
1477995,2025,2025-09-07,"Kensington Oval, Bridgetown, Barbados",1,10.2,Barbados Royals,St Lucia Kings,K Alleyne,HE van der Dussen,K Pierre,4,0,,,,,,,,,
1477995,2025,2025-09-07,"Kensington Oval, Bridgetown, Barbados",1,10.3,Barbados Royals,St Lucia Kings,K Alleyne,HE van der Dussen,K Pierre,1,0,,,,,,,,,
1477995,2025,2025-09-07,"Kensington Oval, Bridgetown, Barbados",1,10.4,Barbados Royals,St Lucia Kings,HE van der Dussen,K Alleyne,K Pierre,0,0,,,,,,,,,
1477995,2025,2025-09-07,"Kensington Oval, Bridgetown, Barbados",1,10.5,Barbados Royals,St Lucia Kings,HE van der Dussen,K Alleyne,K Pierre,1,0,,,,,,,,,
1477995,2025,2025-09-07,"Kensington Oval, Bridgetown, Barbados",1,10.6,Barbados Royals,St Lucia Kings,K Alleyne,HE van der Dussen,K Pierre,6,0,,,,,,,,,
1477995,2025,2025-09-07,"Kensington Oval, Bridgetown, Barbados",1,11.1,Barbados Royals,St Lucia Kings,HE van der Dussen,K Alleyne,T Shamsi,0,0,,,,,,,,,
1477995,2025,2025-09-07,"Kensington Oval, Bridgetown, Barbados",1,11.2,Barbados Royals,St Lucia Kings,HE van der Dussen,K Alleyne,T Shamsi,0,0,,,,,,,,,
1477995,2025,2025-09-07,"Kensington Oval, Bridgetown, Barbados",1,11.3,Barbados Royals,St Lucia Kings,HE van der Dussen,K Alleyne,T Shamsi,1,0,,,,,,,,,
1477995,2025,2025-09-07,"Kensington Oval, Bridgetown, Barbados",1,11.4,Barbados Royals,St Lucia Kings,K Alleyne,HE van der Dussen,T Shamsi,4,0,,,,,,,,,
1477995,2025,2025-09-07,"Kensington Oval, Bridgetown, Barbados",1,11.5,Barbados Royals,St Lucia Kings,K Alleyne,HE van der Dussen,T Shamsi,0,0,,,,,,bowled,K Alleyne,,
1477995,2025,2025-09-07,"Kensington Oval, Bridgetown, Barbados",1,11.6,Barbados Royals,St Lucia Kings,SE Rutherford,HE van der Dussen,T Shamsi,1,0,,,,,,,,,
1477995,2025,2025-09-07,"Kensington Oval, Bridgetown, Barbados",1,12.1,Barbados Royals,St Lucia Kings,SE Rutherford,HE van der Dussen,D Wiese,6,0,,,,,,,,,
1477995,2025,2025-09-07,"Kensington Oval, Bridgetown, Barbados",1,12.2,Barbados Royals,St Lucia Kings,SE Rutherford,HE van der Dussen,D Wiese,1,0,,,,,,,,,
1477995,2025,2025-09-07,"Kensington Oval, Bridgetown, Barbados",1,12.3,Barbados Royals,St Lucia Kings,HE van der Dussen,SE Rutherford,D Wiese,2,0,,,,,,,,,
1477995,2025,2025-09-07,"Kensington Oval, Bridgetown, Barbados",1,12.4,Barbados Royals,St Lucia Kings,HE van der Dussen,SE Rutherford,D Wiese,1,0,,,,,,,,,
1477995,2025,2025-09-07,"Kensington Oval, Bridgetown, Barbados",1,12.5,Barbados Royals,St Lucia Kings,SE Rutherford,HE van der Dussen,D Wiese,1,0,,,,,,,,,
1477995,2025,2025-09-07,"Kensington Oval, Bridgetown, Barbados",1,12.6,Barbados Royals,St Lucia Kings,HE van der Dussen,SE Rutherford,D Wiese,1,0,,,,,,,,,
1477995,2025,2025-09-07,"Kensington Oval, Bridgetown, Barbados",1,13.1,Barbados Royals,St Lucia Kings,HE van der Dussen,SE Rutherford,RL Chase,1,0,,,,,,,,,
1477995,2025,2025-09-07,"Kensington Oval, Bridgetown, Barbados",1,13.2,Barbados Royals,St Lucia Kings,SE Rutherford,HE van der Dussen,RL Chase,1,0,,,,,,,,,
1477995,2025,2025-09-07,"Kensington Oval, Bridgetown, Barbados",1,13.3,Barbados Royals,St Lucia Kings,HE van der Dussen,SE Rutherford,RL Chase,1,0,,,,,,,,,
1477995,2025,2025-09-07,"Kensington Oval, Bridgetown, Barbados",1,13.4,Barbados Royals,St Lucia Kings,SE Rutherford,HE van der Dussen,RL Chase,4,0,,,,,,,,,
1477995,2025,2025-09-07,"Kensington Oval, Bridgetown, Barbados",1,13.5,Barbados Royals,St Lucia Kings,SE Rutherford,HE van der Dussen,RL Chase,0,0,,,,,,,,,
1477995,2025,2025-09-07,"Kensington Oval, Bridgetown, Barbados",1,13.6,Barbados Royals,St Lucia Kings,SE Rutherford,HE van der Dussen,RL Chase,1,0,,,,,,,,,
1477995,2025,2025-09-07,"Kensington Oval, Bridgetown, Barbados",1,14.1,Barbados Royals,St Lucia Kings,SE Rutherford,HE van der Dussen,D Potgieter,1,0,,,,,,,,,
1477995,2025,2025-09-07,"Kensington Oval, Bridgetown, Barbados",1,14.2,Barbados Royals,St Lucia Kings,HE van der Dussen,SE Rutherford,D Potgieter,6,0,,,,,,,,,
1477995,2025,2025-09-07,"Kensington Oval, Bridgetown, Barbados",1,14.3,Barbados Royals,St Lucia Kings,HE van der Dussen,SE Rutherford,D Potgieter,2,0,,,,,,,,,
1477995,2025,2025-09-07,"Kensington Oval, Bridgetown, Barbados",1,14.4,Barbados Royals,St Lucia Kings,HE van der Dussen,SE Rutherford,D Potgieter,0,0,,,,,,caught,HE van der Dussen,,
1477995,2025,2025-09-07,"Kensington Oval, Bridgetown, Barbados",1,14.5,Barbados Royals,St Lucia Kings,R Powell,SE Rutherford,D Potgieter,0,0,,,,,,,,,
1477995,2025,2025-09-07,"Kensington Oval, Bridgetown, Barbados",1,14.6,Barbados Royals,St Lucia Kings,R Powell,SE Rutherford,D Potgieter,0,0,,,,,,,,,
1477995,2025,2025-09-07,"Kensington Oval, Bridgetown, Barbados",1,15.1,Barbados Royals,St Lucia Kings,SE Rutherford,R Powell,T Shamsi,0,0,,,,,,,,,
1477995,2025,2025-09-07,"Kensington Oval, Bridgetown, Barbados",1,15.2,Barbados Royals,St Lucia Kings,SE Rutherford,R Powell,T Shamsi,0,0,,,,,,bowled,SE Rutherford,,
1477995,2025,2025-09-07,"Kensington Oval, Bridgetown, Barbados",1,15.3,Barbados Royals,St Lucia Kings,CJ Green,R Powell,T Shamsi,0,0,,,,,,,,,
1477995,2025,2025-09-07,"Kensington Oval, Bridgetown, Barbados",1,15.4,Barbados Royals,St Lucia Kings,CJ Green,R Powell,T Shamsi,1,0,,,,,,,,,
1477995,2025,2025-09-07,"Kensington Oval, Bridgetown, Barbados",1,15.5,Barbados Royals,St Lucia Kings,R Powell,CJ Green,T Shamsi,2,0,,,,,,,,,
1477995,2025,2025-09-07,"Kensington Oval, Bridgetown, Barbados",1,15.6,Barbados Royals,St Lucia Kings,R Powell,CJ Green,T Shamsi,0,0,,,,,,,,,
1477995,2025,2025-09-07,"Kensington Oval, Bridgetown, Barbados",1,16.1,Barbados Royals,St Lucia Kings,CJ Green,R Powell,AS Joseph,2,0,,,,,,,,,
1477995,2025,2025-09-07,"Kensington Oval, Bridgetown, Barbados",1,16.2,Barbados Royals,St Lucia Kings,CJ Green,R Powell,AS Joseph,0,1,,,,1,,,,,
1477995,2025,2025-09-07,"Kensington Oval, Bridgetown, Barbados",1,16.3,Barbados Royals,St Lucia Kings,R Powell,CJ Green,AS Joseph,1,0,,,,,,,,,
1477995,2025,2025-09-07,"Kensington Oval, Bridgetown, Barbados",1,16.4,Barbados Royals,St Lucia Kings,CJ Green,R Powell,AS Joseph,1,0,,,,,,,,,
1477995,2025,2025-09-07,"Kensington Oval, Bridgetown, Barbados",1,16.5,Barbados Royals,St Lucia Kings,R Powell,CJ Green,AS Joseph,1,0,,,,,,,,,
1477995,2025,2025-09-07,"Kensington Oval, Bridgetown, Barbados",1,16.6,Barbados Royals,St Lucia Kings,CJ Green,R Powell,AS Joseph,1,0,,,,,,,,,
1477995,2025,2025-09-07,"Kensington Oval, Bridgetown, Barbados",1,17.1,Barbados Royals,St Lucia Kings,CJ Green,R Powell,D Wiese,4,0,,,,,,,,,
1477995,2025,2025-09-07,"Kensington Oval, Bridgetown, Barbados",1,17.2,Barbados Royals,St Lucia Kings,CJ Green,R Powell,D Wiese,6,0,,,,,,,,,
1477995,2025,2025-09-07,"Kensington Oval, Bridgetown, Barbados",1,17.3,Barbados Royals,St Lucia Kings,CJ Green,R Powell,D Wiese,2,0,,,,,,,,,
1477995,2025,2025-09-07,"Kensington Oval, Bridgetown, Barbados",1,17.4,Barbados Royals,St Lucia Kings,CJ Green,R Powell,D Wiese,0,1,1,,,,,,,,
1477995,2025,2025-09-07,"Kensington Oval, Bridgetown, Barbados",1,17.5,Barbados Royals,St Lucia Kings,CJ Green,R Powell,D Wiese,1,0,,,,,,,,,
1477995,2025,2025-09-07,"Kensington Oval, Bridgetown, Barbados",1,17.6,Barbados Royals,St Lucia Kings,R Powell,CJ Green,D Wiese,2,0,,,,,,,,,
1477995,2025,2025-09-07,"Kensington Oval, Bridgetown, Barbados",1,17.7,Barbados Royals,St Lucia Kings,R Powell,CJ Green,D Wiese,4,0,,,,,,,,,
1477995,2025,2025-09-07,"Kensington Oval, Bridgetown, Barbados",1,18.1,Barbados Royals,St Lucia Kings,CJ Green,R Powell,AS Joseph,1,0,,,,,,,,,
1477995,2025,2025-09-07,"Kensington Oval, Bridgetown, Barbados",1,18.2,Barbados Royals,St Lucia Kings,R Powell,CJ Green,AS Joseph,6,0,,,,,,,,,
1477995,2025,2025-09-07,"Kensington Oval, Bridgetown, Barbados",1,18.3,Barbados Royals,St Lucia Kings,R Powell,CJ Green,AS Joseph,6,0,,,,,,,,,
1477995,2025,2025-09-07,"Kensington Oval, Bridgetown, Barbados",1,18.4,Barbados Royals,St Lucia Kings,R Powell,CJ Green,AS Joseph,1,0,,,,,,,,,
1477995,2025,2025-09-07,"Kensington Oval, Bridgetown, Barbados",1,18.5,Barbados Royals,St Lucia Kings,CJ Green,R Powell,AS Joseph,1,1,,1,,,,,,,
1477995,2025,2025-09-07,"Kensington Oval, Bridgetown, Barbados",1,18.6,Barbados Royals,St Lucia Kings,R Powell,CJ Green,AS Joseph,0,1,1,,,,,,,,
1477995,2025,2025-09-07,"Kensington Oval, Bridgetown, Barbados",1,18.7,Barbados Royals,St Lucia Kings,R Powell,CJ Green,AS Joseph,4,0,,,,,,,,,
1477995,2025,2025-09-07,"Kensington Oval, Bridgetown, Barbados",1,18.8,Barbados Royals,St Lucia Kings,R Powell,CJ Green,AS Joseph,0,0,,,,,,,,,
1477995,2025,2025-09-07,"Kensington Oval, Bridgetown, Barbados",1,19.1,Barbados Royals,St Lucia Kings,CJ Green,R Powell,D Potgieter,4,0,,,,,,,,,
1477995,2025,2025-09-07,"Kensington Oval, Bridgetown, Barbados",1,19.2,Barbados Royals,St Lucia Kings,CJ Green,R Powell,D Potgieter,1,0,,,,,,,,,
1477995,2025,2025-09-07,"Kensington Oval, Bridgetown, Barbados",1,19.3,Barbados Royals,St Lucia Kings,R Powell,CJ Green,D Potgieter,6,0,,,,,,,,,
1477995,2025,2025-09-07,"Kensington Oval, Bridgetown, Barbados",1,19.4,Barbados Royals,St Lucia Kings,R Powell,CJ Green,D Potgieter,4,0,,,,,,,,,
1477995,2025,2025-09-07,"Kensington Oval, Bridgetown, Barbados",1,19.5,Barbados Royals,St Lucia Kings,R Powell,CJ Green,D Potgieter,4,0,,,,,,,,,
1477995,2025,2025-09-07,"Kensington Oval, Bridgetown, Barbados",1,19.6,Barbados Royals,St Lucia Kings,R Powell,CJ Green,D Potgieter,0,1,1,,,,,,,,
1477995,2025,2025-09-07,"Kensington Oval, Bridgetown, Barbados",1,19.7,Barbados Royals,St Lucia Kings,R Powell,CJ Green,D Potgieter,0,0,,,,,,,,,
1477995,2025,2025-09-07,"Kensington Oval, Bridgetown, Barbados",2,0.1,St Lucia Kings,Barbados Royals,TL Seifert,J Charles,JA Warrican,0,0,,,,,,,,,
1477995,2025,2025-09-07,"Kensington Oval, Bridgetown, Barbados",2,0.2,St Lucia Kings,Barbados Royals,TL Seifert,J Charles,JA Warrican,6,0,,,,,,,,,
1477995,2025,2025-09-07,"Kensington Oval, Bridgetown, Barbados",2,0.3,St Lucia Kings,Barbados Royals,TL Seifert,J Charles,JA Warrican,2,0,,,,,,,,,
1477995,2025,2025-09-07,"Kensington Oval, Bridgetown, Barbados",2,0.4,St Lucia Kings,Barbados Royals,TL Seifert,J Charles,JA Warrican,6,0,,,,,,,,,
1477995,2025,2025-09-07,"Kensington Oval, Bridgetown, Barbados",2,0.5,St Lucia Kings,Barbados Royals,TL Seifert,J Charles,JA Warrican,1,0,,,,,,,,,
1477995,2025,2025-09-07,"Kensington Oval, Bridgetown, Barbados",2,0.6,St Lucia Kings,Barbados Royals,J Charles,TL Seifert,JA Warrican,1,0,,,,,,,,,
1477995,2025,2025-09-07,"Kensington Oval, Bridgetown, Barbados",2,1.1,St Lucia Kings,Barbados Royals,J Charles,TL Seifert,CJ Green,0,0,,,,,,,,,
1477995,2025,2025-09-07,"Kensington Oval, Bridgetown, Barbados",2,1.2,St Lucia Kings,Barbados Royals,J Charles,TL Seifert,CJ Green,0,0,,,,,,caught,J Charles,,
1477995,2025,2025-09-07,"Kensington Oval, Bridgetown, Barbados",2,1.3,St Lucia Kings,Barbados Royals,AWJ Auguste,TL Seifert,CJ Green,0,0,,,,,,,,,
1477995,2025,2025-09-07,"Kensington Oval, Bridgetown, Barbados",2,1.4,St Lucia Kings,Barbados Royals,AWJ Auguste,TL Seifert,CJ Green,0,0,,,,,,,,,
1477995,2025,2025-09-07,"Kensington Oval, Bridgetown, Barbados",2,1.5,St Lucia Kings,Barbados Royals,AWJ Auguste,TL Seifert,CJ Green,1,0,,,,,,,,,
1477995,2025,2025-09-07,"Kensington Oval, Bridgetown, Barbados",2,1.6,St Lucia Kings,Barbados Royals,TL Seifert,AWJ Auguste,CJ Green,0,0,,,,,,,,,
1477995,2025,2025-09-07,"Kensington Oval, Bridgetown, Barbados",2,2.1,St Lucia Kings,Barbados Royals,AWJ Auguste,TL Seifert,RR Simmonds,0,0,,,,,,caught,AWJ Auguste,,
1477995,2025,2025-09-07,"Kensington Oval, Bridgetown, Barbados",2,2.2,St Lucia Kings,Barbados Royals,RL Chase,TL Seifert,RR Simmonds,2,0,,,,,,,,,
1477995,2025,2025-09-07,"Kensington Oval, Bridgetown, Barbados",2,2.3,St Lucia Kings,Barbados Royals,RL Chase,TL Seifert,RR Simmonds,0,0,,,,,,,,,
1477995,2025,2025-09-07,"Kensington Oval, Bridgetown, Barbados",2,2.4,St Lucia Kings,Barbados Royals,RL Chase,TL Seifert,RR Simmonds,1,0,,,,,,,,,
1477995,2025,2025-09-07,"Kensington Oval, Bridgetown, Barbados",2,2.5,St Lucia Kings,Barbados Royals,TL Seifert,RL Chase,RR Simmonds,1,0,,,,,,,,,
1477995,2025,2025-09-07,"Kensington Oval, Bridgetown, Barbados",2,2.6,St Lucia Kings,Barbados Royals,RL Chase,TL Seifert,RR Simmonds,1,0,,,,,,,,,
1477995,2025,2025-09-07,"Kensington Oval, Bridgetown, Barbados",2,3.1,St Lucia Kings,Barbados Royals,RL Chase,TL Seifert,CJ Green,0,0,,,,,,,,,
1477995,2025,2025-09-07,"Kensington Oval, Bridgetown, Barbados",2,3.2,St Lucia Kings,Barbados Royals,RL Chase,TL Seifert,CJ Green,4,0,,,,,,,,,
1477995,2025,2025-09-07,"Kensington Oval, Bridgetown, Barbados",2,3.3,St Lucia Kings,Barbados Royals,RL Chase,TL Seifert,CJ Green,0,0,,,,,,,,,
1477995,2025,2025-09-07,"Kensington Oval, Bridgetown, Barbados",2,3.4,St Lucia Kings,Barbados Royals,RL Chase,TL Seifert,CJ Green,0,0,,,,,,,,,
1477995,2025,2025-09-07,"Kensington Oval, Bridgetown, Barbados",2,3.5,St Lucia Kings,Barbados Royals,RL Chase,TL Seifert,CJ Green,0,0,,,,,,caught,RL Chase,,
1477995,2025,2025-09-07,"Kensington Oval, Bridgetown, Barbados",2,3.6,St Lucia Kings,Barbados Royals,TH David,TL Seifert,CJ Green,0,0,,,,,,,,,
1477995,2025,2025-09-07,"Kensington Oval, Bridgetown, Barbados",2,4.1,St Lucia Kings,Barbados Royals,TL Seifert,TH David,RR Simmonds,1,0,,,,,,,,,
1477995,2025,2025-09-07,"Kensington Oval, Bridgetown, Barbados",2,4.2,St Lucia Kings,Barbados Royals,TH David,TL Seifert,RR Simmonds,0,0,,,,,,,,,
1477995,2025,2025-09-07,"Kensington Oval, Bridgetown, Barbados",2,4.3,St Lucia Kings,Barbados Royals,TH David,TL Seifert,RR Simmonds,4,0,,,,,,,,,
1477995,2025,2025-09-07,"Kensington Oval, Bridgetown, Barbados",2,4.4,St Lucia Kings,Barbados Royals,TH David,TL Seifert,RR Simmonds,0,1,,,,1,,,,,
1477995,2025,2025-09-07,"Kensington Oval, Bridgetown, Barbados",2,4.5,St Lucia Kings,Barbados Royals,TL Seifert,TH David,RR Simmonds,1,0,,,,,,,,,
1477995,2025,2025-09-07,"Kensington Oval, Bridgetown, Barbados",2,4.6,St Lucia Kings,Barbados Royals,TH David,TL Seifert,RR Simmonds,1,0,,,,,,,,,
1477995,2025,2025-09-07,"Kensington Oval, Bridgetown, Barbados",2,5.1,St Lucia Kings,Barbados Royals,TH David,TL Seifert,E Bosch,0,0,,,,,,,,,
1477995,2025,2025-09-07,"Kensington Oval, Bridgetown, Barbados",2,5.2,St Lucia Kings,Barbados Royals,TH David,TL Seifert,E Bosch,0,1,1,,,,,,,,
1477995,2025,2025-09-07,"Kensington Oval, Bridgetown, Barbados",2,5.3,St Lucia Kings,Barbados Royals,TH David,TL Seifert,E Bosch,1,0,,,,,,,,,
1477995,2025,2025-09-07,"Kensington Oval, Bridgetown, Barbados",2,5.4,St Lucia Kings,Barbados Royals,TL Seifert,TH David,E Bosch,1,0,,,,,,,,,
1477995,2025,2025-09-07,"Kensington Oval, Bridgetown, Barbados",2,5.5,St Lucia Kings,Barbados Royals,TH David,TL Seifert,E Bosch,1,0,,,,,,,,,
1477995,2025,2025-09-07,"Kensington Oval, Bridgetown, Barbados",2,5.6,St Lucia Kings,Barbados Royals,TL Seifert,TH David,E Bosch,4,0,,,,,,,,,
1477995,2025,2025-09-07,"Kensington Oval, Bridgetown, Barbados",2,5.7,St Lucia Kings,Barbados Royals,TL Seifert,TH David,E Bosch,1,0,,,,,,,,,
1477995,2025,2025-09-07,"Kensington Oval, Bridgetown, Barbados",2,6.1,St Lucia Kings,Barbados Royals,TL Seifert,TH David,JA Warrican,0,0,,,,,,bowled,TL Seifert,,
1477995,2025,2025-09-07,"Kensington Oval, Bridgetown, Barbados",2,6.2,St Lucia Kings,Barbados Royals,Aaron Jones,TH David,JA Warrican,0,0,,,,,,,,,
1477995,2025,2025-09-07,"Kensington Oval, Bridgetown, Barbados",2,6.3,St Lucia Kings,Barbados Royals,Aaron Jones,TH David,JA Warrican,0,0,,,,,,,,,
1477995,2025,2025-09-07,"Kensington Oval, Bridgetown, Barbados",2,6.4,St Lucia Kings,Barbados Royals,Aaron Jones,TH David,JA Warrican,0,0,,,,,,,,,
1477995,2025,2025-09-07,"Kensington Oval, Bridgetown, Barbados",2,6.5,St Lucia Kings,Barbados Royals,Aaron Jones,TH David,JA Warrican,0,0,,,,,,,,,
1477995,2025,2025-09-07,"Kensington Oval, Bridgetown, Barbados",2,6.6,St Lucia Kings,Barbados Royals,Aaron Jones,TH David,JA Warrican,1,0,,,,,,,,,
1477995,2025,2025-09-07,"Kensington Oval, Bridgetown, Barbados",2,7.1,St Lucia Kings,Barbados Royals,Aaron Jones,TH David,SE Rutherford,0,1,1,,,,,,,,
1477995,2025,2025-09-07,"Kensington Oval, Bridgetown, Barbados",2,7.2,St Lucia Kings,Barbados Royals,Aaron Jones,TH David,SE Rutherford,1,0,,,,,,,,,
1477995,2025,2025-09-07,"Kensington Oval, Bridgetown, Barbados",2,7.3,St Lucia Kings,Barbados Royals,TH David,Aaron Jones,SE Rutherford,2,0,,,,,,,,,
1477995,2025,2025-09-07,"Kensington Oval, Bridgetown, Barbados",2,7.4,St Lucia Kings,Barbados Royals,TH David,Aaron Jones,SE Rutherford,1,0,,,,,,,,,
1477995,2025,2025-09-07,"Kensington Oval, Bridgetown, Barbados",2,7.5,St Lucia Kings,Barbados Royals,Aaron Jones,TH David,SE Rutherford,0,1,1,,,,,,,,
1477995,2025,2025-09-07,"Kensington Oval, Bridgetown, Barbados",2,7.6,St Lucia Kings,Barbados Royals,Aaron Jones,TH David,SE Rutherford,0,1,,,,1,,,,,
1477995,2025,2025-09-07,"Kensington Oval, Bridgetown, Barbados",2,7.7,St Lucia Kings,Barbados Royals,TH David,Aaron Jones,SE Rutherford,1,0,,,,,,,,,
1477995,2025,2025-09-07,"Kensington Oval, Bridgetown, Barbados",2,7.8,St Lucia Kings,Barbados Royals,Aaron Jones,TH David,SE Rutherford,0,0,,,,,,,,,
1477995,2025,2025-09-07,"Kensington Oval, Bridgetown, Barbados",2,8.1,St Lucia Kings,Barbados Royals,TH David,Aaron Jones,JA Warrican,0,0,,,,,,,,,
1477995,2025,2025-09-07,"Kensington Oval, Bridgetown, Barbados",2,8.2,St Lucia Kings,Barbados Royals,TH David,Aaron Jones,JA Warrican,0,1,1,,,,,,,,
1477995,2025,2025-09-07,"Kensington Oval, Bridgetown, Barbados",2,8.3,St Lucia Kings,Barbados Royals,TH David,Aaron Jones,JA Warrican,6,0,,,,,,,,,
1477995,2025,2025-09-07,"Kensington Oval, Bridgetown, Barbados",2,8.4,St Lucia Kings,Barbados Royals,TH David,Aaron Jones,JA Warrican,0,0,,,,,,,,,
1477995,2025,2025-09-07,"Kensington Oval, Bridgetown, Barbados",2,8.5,St Lucia Kings,Barbados Royals,TH David,Aaron Jones,JA Warrican,0,0,,,,,,,,,
1477995,2025,2025-09-07,"Kensington Oval, Bridgetown, Barbados",2,8.6,St Lucia Kings,Barbados Royals,TH David,Aaron Jones,JA Warrican,2,0,,,,,,,,,
1477995,2025,2025-09-07,"Kensington Oval, Bridgetown, Barbados",2,8.7,St Lucia Kings,Barbados Royals,TH David,Aaron Jones,JA Warrican,0,0,,,,,,,,,
1477995,2025,2025-09-07,"Kensington Oval, Bridgetown, Barbados",2,9.1,St Lucia Kings,Barbados Royals,Aaron Jones,TH David,DR Sams,0,0,,,,,,caught,Aaron Jones,,
1477995,2025,2025-09-07,"Kensington Oval, Bridgetown, Barbados",2,9.2,St Lucia Kings,Barbados Royals,D Potgieter,TH David,DR Sams,1,0,,,,,,,,,
1477995,2025,2025-09-07,"Kensington Oval, Bridgetown, Barbados",2,9.3,St Lucia Kings,Barbados Royals,TH David,D Potgieter,DR Sams,1,0,,,,,,,,,
1477995,2025,2025-09-07,"Kensington Oval, Bridgetown, Barbados",2,9.4,St Lucia Kings,Barbados Royals,D Potgieter,TH David,DR Sams,1,0,,,,,,,,,
1477995,2025,2025-09-07,"Kensington Oval, Bridgetown, Barbados",2,9.5,St Lucia Kings,Barbados Royals,TH David,D Potgieter,DR Sams,1,0,,,,,,,,,
1477995,2025,2025-09-07,"Kensington Oval, Bridgetown, Barbados",2,9.6,St Lucia Kings,Barbados Royals,D Potgieter,TH David,DR Sams,1,0,,,,,,,,,
1477995,2025,2025-09-07,"Kensington Oval, Bridgetown, Barbados",2,10.1,St Lucia Kings,Barbados Royals,D Potgieter,TH David,E Bosch,1,0,,,,,,,,,
1477995,2025,2025-09-07,"Kensington Oval, Bridgetown, Barbados",2,10.2,St Lucia Kings,Barbados Royals,TH David,D Potgieter,E Bosch,0,0,,,,,,,,,
1477995,2025,2025-09-07,"Kensington Oval, Bridgetown, Barbados",2,10.3,St Lucia Kings,Barbados Royals,TH David,D Potgieter,E Bosch,6,0,,,,,,,,,
1477995,2025,2025-09-07,"Kensington Oval, Bridgetown, Barbados",2,10.4,St Lucia Kings,Barbados Royals,TH David,D Potgieter,E Bosch,6,0,,,,,,,,,
1477995,2025,2025-09-07,"Kensington Oval, Bridgetown, Barbados",2,10.5,St Lucia Kings,Barbados Royals,TH David,D Potgieter,E Bosch,0,0,,,,,,,,,
1477995,2025,2025-09-07,"Kensington Oval, Bridgetown, Barbados",2,10.6,St Lucia Kings,Barbados Royals,TH David,D Potgieter,E Bosch,0,0,,,,,,,,,
1477995,2025,2025-09-07,"Kensington Oval, Bridgetown, Barbados",2,11.1,St Lucia Kings,Barbados Royals,D Potgieter,TH David,DR Sams,0,3,,,,3,,,,,
1477995,2025,2025-09-07,"Kensington Oval, Bridgetown, Barbados",2,11.2,St Lucia Kings,Barbados Royals,TH David,D Potgieter,DR Sams,4,0,,,,,,,,,
1477995,2025,2025-09-07,"Kensington Oval, Bridgetown, Barbados",2,11.3,St Lucia Kings,Barbados Royals,TH David,D Potgieter,DR Sams,6,0,,,,,,,,,
1477995,2025,2025-09-07,"Kensington Oval, Bridgetown, Barbados",2,11.4,St Lucia Kings,Barbados Royals,TH David,D Potgieter,DR Sams,1,0,,,,,,,,,
1477995,2025,2025-09-07,"Kensington Oval, Bridgetown, Barbados",2,11.5,St Lucia Kings,Barbados Royals,D Potgieter,TH David,DR Sams,1,0,,,,,,,,,
1477995,2025,2025-09-07,"Kensington Oval, Bridgetown, Barbados",2,11.6,St Lucia Kings,Barbados Royals,TH David,D Potgieter,DR Sams,0,0,,,,,,caught,TH David,,
1477995,2025,2025-09-07,"Kensington Oval, Bridgetown, Barbados",2,12.1,St Lucia Kings,Barbados Royals,D Potgieter,D Wiese,JA Warrican,1,0,,,,,,,,,
1477995,2025,2025-09-07,"Kensington Oval, Bridgetown, Barbados",2,12.2,St Lucia Kings,Barbados Royals,D Wiese,D Potgieter,JA Warrican,1,0,,,,,,,,,
1477995,2025,2025-09-07,"Kensington Oval, Bridgetown, Barbados",2,12.3,St Lucia Kings,Barbados Royals,D Potgieter,D Wiese,JA Warrican,0,0,,,,,,,,,
1477995,2025,2025-09-07,"Kensington Oval, Bridgetown, Barbados",2,12.4,St Lucia Kings,Barbados Royals,D Potgieter,D Wiese,JA Warrican,6,0,,,,,,,,,
1477995,2025,2025-09-07,"Kensington Oval, Bridgetown, Barbados",2,12.5,St Lucia Kings,Barbados Royals,D Potgieter,D Wiese,JA Warrican,6,0,,,,,,,,,
1477995,2025,2025-09-07,"Kensington Oval, Bridgetown, Barbados",2,12.6,St Lucia Kings,Barbados Royals,D Potgieter,D Wiese,JA Warrican,1,0,,,,,,,,,
1477995,2025,2025-09-07,"Kensington Oval, Bridgetown, Barbados",2,13.1,St Lucia Kings,Barbados Royals,D Potgieter,D Wiese,CJ Green,1,0,,,,,,,,,
1477995,2025,2025-09-07,"Kensington Oval, Bridgetown, Barbados",2,13.2,St Lucia Kings,Barbados Royals,D Wiese,D Potgieter,CJ Green,1,0,,,,,,,,,
1477995,2025,2025-09-07,"Kensington Oval, Bridgetown, Barbados",2,13.3,St Lucia Kings,Barbados Royals,D Potgieter,D Wiese,CJ Green,1,0,,,,,,,,,
1477995,2025,2025-09-07,"Kensington Oval, Bridgetown, Barbados",2,13.4,St Lucia Kings,Barbados Royals,D Wiese,D Potgieter,CJ Green,1,0,,,,,,,,,
1477995,2025,2025-09-07,"Kensington Oval, Bridgetown, Barbados",2,13.5,St Lucia Kings,Barbados Royals,D Potgieter,D Wiese,CJ Green,1,0,,,,,,,,,
1477995,2025,2025-09-07,"Kensington Oval, Bridgetown, Barbados",2,13.6,St Lucia Kings,Barbados Royals,D Wiese,D Potgieter,CJ Green,1,0,,,,,,,,,
1477995,2025,2025-09-07,"Kensington Oval, Bridgetown, Barbados",2,14.1,St Lucia Kings,Barbados Royals,D Wiese,D Potgieter,RR Simmonds,1,0,,,,,,,,,
1477995,2025,2025-09-07,"Kensington Oval, Bridgetown, Barbados",2,14.2,St Lucia Kings,Barbados Royals,D Potgieter,D Wiese,RR Simmonds,0,0,,,,,,caught,D Potgieter,,
1477995,2025,2025-09-07,"Kensington Oval, Bridgetown, Barbados",2,14.3,St Lucia Kings,Barbados Royals,AS Joseph,D Wiese,RR Simmonds,1,0,,,,,,,,,
1477995,2025,2025-09-07,"Kensington Oval, Bridgetown, Barbados",2,14.4,St Lucia Kings,Barbados Royals,D Wiese,AS Joseph,RR Simmonds,1,0,,,,,,,,,
1477995,2025,2025-09-07,"Kensington Oval, Bridgetown, Barbados",2,14.5,St Lucia Kings,Barbados Royals,AS Joseph,D Wiese,RR Simmonds,0,0,,,,,,,,,
1477995,2025,2025-09-07,"Kensington Oval, Bridgetown, Barbados",2,14.6,St Lucia Kings,Barbados Royals,AS Joseph,D Wiese,RR Simmonds,6,0,,,,,,,,,
1477995,2025,2025-09-07,"Kensington Oval, Bridgetown, Barbados",2,15.1,St Lucia Kings,Barbados Royals,D Wiese,AS Joseph,SE Rutherford,1,0,,,,,,,,,
1477995,2025,2025-09-07,"Kensington Oval, Bridgetown, Barbados",2,15.2,St Lucia Kings,Barbados Royals,AS Joseph,D Wiese,SE Rutherford,6,0,,,,,,,,,
1477995,2025,2025-09-07,"Kensington Oval, Bridgetown, Barbados",2,15.3,St Lucia Kings,Barbados Royals,AS Joseph,D Wiese,SE Rutherford,0,0,,,,,,,,,
1477995,2025,2025-09-07,"Kensington Oval, Bridgetown, Barbados",2,15.4,St Lucia Kings,Barbados Royals,AS Joseph,D Wiese,SE Rutherford,6,0,,,,,,,,,
1477995,2025,2025-09-07,"Kensington Oval, Bridgetown, Barbados",2,15.5,St Lucia Kings,Barbados Royals,AS Joseph,D Wiese,SE Rutherford,0,1,,,,1,,,,,
1477995,2025,2025-09-07,"Kensington Oval, Bridgetown, Barbados",2,15.6,St Lucia Kings,Barbados Royals,D Wiese,AS Joseph,SE Rutherford,1,0,,,,,,,,,
1477995,2025,2025-09-07,"Kensington Oval, Bridgetown, Barbados",2,16.1,St Lucia Kings,Barbados Royals,D Wiese,AS Joseph,DR Sams,0,0,,,,,,,,,
1477995,2025,2025-09-07,"Kensington Oval, Bridgetown, Barbados",2,16.2,St Lucia Kings,Barbados Royals,D Wiese,AS Joseph,DR Sams,1,0,,,,,,,,,
1477995,2025,2025-09-07,"Kensington Oval, Bridgetown, Barbados",2,16.3,St Lucia Kings,Barbados Royals,AS Joseph,D Wiese,DR Sams,0,1,1,,,,,,,,
1477995,2025,2025-09-07,"Kensington Oval, Bridgetown, Barbados",2,16.4,St Lucia Kings,Barbados Royals,AS Joseph,D Wiese,DR Sams,1,0,,,,,,,,,
1477995,2025,2025-09-07,"Kensington Oval, Bridgetown, Barbados",2,16.5,St Lucia Kings,Barbados Royals,D Wiese,AS Joseph,DR Sams,6,0,,,,,,,,,
1477995,2025,2025-09-07,"Kensington Oval, Bridgetown, Barbados",2,16.6,St Lucia Kings,Barbados Royals,D Wiese,AS Joseph,DR Sams,0,1,1,,,,,,,,
1477995,2025,2025-09-07,"Kensington Oval, Bridgetown, Barbados",2,16.7,St Lucia Kings,Barbados Royals,D Wiese,AS Joseph,DR Sams,1,0,,,,,,,,,
1477995,2025,2025-09-07,"Kensington Oval, Bridgetown, Barbados",2,16.8,St Lucia Kings,Barbados Royals,AS Joseph,D Wiese,DR Sams,0,0,,,,,,,,,
1477995,2025,2025-09-07,"Kensington Oval, Bridgetown, Barbados",2,17.1,St Lucia Kings,Barbados Royals,D Wiese,AS Joseph,RR Simmonds,1,0,,,,,,,,,
1477995,2025,2025-09-07,"Kensington Oval, Bridgetown, Barbados",2,17.2,St Lucia Kings,Barbados Royals,AS Joseph,D Wiese,RR Simmonds,1,0,,,,,,,,,
1477995,2025,2025-09-07,"Kensington Oval, Bridgetown, Barbados",2,17.3,St Lucia Kings,Barbados Royals,D Wiese,AS Joseph,RR Simmonds,0,0,,,,,,caught and bowled,D Wiese,,
1477995,2025,2025-09-07,"Kensington Oval, Bridgetown, Barbados",2,17.4,St Lucia Kings,Barbados Royals,K Pierre,AS Joseph,RR Simmonds,0,1,,,,1,,,,,
1477995,2025,2025-09-07,"Kensington Oval, Bridgetown, Barbados",2,17.5,St Lucia Kings,Barbados Royals,AS Joseph,K Pierre,RR Simmonds,1,0,,,,,,,,,
1477995,2025,2025-09-07,"Kensington Oval, Bridgetown, Barbados",2,17.6,St Lucia Kings,Barbados Royals,K Pierre,AS Joseph,RR Simmonds,4,0,,,,,,,,,
1477995,2025,2025-09-07,"Kensington Oval, Bridgetown, Barbados",2,18.1,St Lucia Kings,Barbados Royals,AS Joseph,K Pierre,DR Sams,0,1,1,,,,,,,,
1477995,2025,2025-09-07,"Kensington Oval, Bridgetown, Barbados",2,18.2,St Lucia Kings,Barbados Royals,AS Joseph,K Pierre,DR Sams,1,0,,,,,,,,,
1477995,2025,2025-09-07,"Kensington Oval, Bridgetown, Barbados",2,18.3,St Lucia Kings,Barbados Royals,K Pierre,AS Joseph,DR Sams,0,0,,,,,,,,,
1477995,2025,2025-09-07,"Kensington Oval, Bridgetown, Barbados",2,18.4,St Lucia Kings,Barbados Royals,K Pierre,AS Joseph,DR Sams,1,0,,,,,,,,,
1477995,2025,2025-09-07,"Kensington Oval, Bridgetown, Barbados",2,18.5,St Lucia Kings,Barbados Royals,AS Joseph,K Pierre,DR Sams,0,0,,,,,,,,,
1477995,2025,2025-09-07,"Kensington Oval, Bridgetown, Barbados",2,18.6,St Lucia Kings,Barbados Royals,AS Joseph,K Pierre,DR Sams,0,0,,,,,,caught,AS Joseph,,
1477995,2025,2025-09-07,"Kensington Oval, Bridgetown, Barbados",2,18.7,St Lucia Kings,Barbados Royals,T Shamsi,K Pierre,DR Sams,0,0,,,,,,,,,
1477995,2025,2025-09-07,"Kensington Oval, Bridgetown, Barbados",2,19.1,St Lucia Kings,Barbados Royals,K Pierre,T Shamsi,E Bosch,0,0,,,,,,,,,
1477995,2025,2025-09-07,"Kensington Oval, Bridgetown, Barbados",2,19.2,St Lucia Kings,Barbados Royals,K Pierre,T Shamsi,E Bosch,1,0,,,,,,,,,
1477995,2025,2025-09-07,"Kensington Oval, Bridgetown, Barbados",2,19.3,St Lucia Kings,Barbados Royals,T Shamsi,K Pierre,E Bosch,0,0,,,,,,,,,
1477995,2025,2025-09-07,"Kensington Oval, Bridgetown, Barbados",2,19.4,St Lucia Kings,Barbados Royals,T Shamsi,K Pierre,E Bosch,1,0,,,,,,,,,
1477995,2025,2025-09-07,"Kensington Oval, Bridgetown, Barbados",2,19.5,St Lucia Kings,Barbados Royals,K Pierre,T Shamsi,E Bosch,0,0,,,,,,,,,
1477995,2025,2025-09-07,"Kensington Oval, Bridgetown, Barbados",2,19.6,St Lucia Kings,Barbados Royals,K Pierre,T Shamsi,E Bosch,1,0,,,,,,,,,
